{
  "mse": 0.16377525311294167,
  "rmse": 0.40469155305360854,
  "mae": 0.27446804973617017,
  "r2": 0.634849730409152,
  "mape": 520.2031520513779
}